host_material,co_catalyst,co_catalyst_wt_pct,glycerol_concentration_v_pct,light_type,catalyst_loading_g_L,pred_median_log,pred_p05_log,pred_p95_log,ucb_log,ad_score,ad_label,pred_her_umol_g_h,pred_her_lower_umol_g_h,pred_her_upper_umol_g_h,ucb_her_umol_g_h,novelty_score
zns,au,5.0,30.0,visible,0.5,8.327215120334516,6.711325493567077,9.943104747101955,9.943104747101955,2,Moderate Confidence,4133.886342307325,820.6590217170478,20807.24844845115,20807.24844845115,0.3589539041187869
cu2o,pd,5.0,50.0,visible,0.5,8.314158649203291,6.698269022435852,9.93004827597073,9.93004827597073,2,Moderate Confidence,4080.250229278713,810.0007853082564,20537.332065432558,20537.332065432558,0.3649614861971442
ga2o3,pd,5.0,50.0,visible,0.5,8.314158649203291,6.698269022435852,9.93004827597073,9.93004827597073,2,Moderate Confidence,4080.250229278713,810.0007853082564,20537.332065432558,20537.332065432558,0.3649614861971442
v2o5,pd,5.0,50.0,visible,0.5,8.314158649203291,6.698269022435852,9.93004827597073,9.93004827597073,2,Moderate Confidence,4080.250229278713,810.0007853082564,20537.332065432558,20537.332065432558,0.3649614861971442
v2o5,au,2.0,50.0,uv,0.5,8.27456396170661,6.658674334939171,9.890453588474049,9.890453588474049,2,Moderate Confidence,3921.8117613112627,778.5168735836503,19740.012204055423,19740.012204055423,0.3550905019221132
cu2o,au,2.0,50.0,uv,0.5,8.27456396170661,6.658674334939171,9.890453588474049,9.890453588474049,2,Moderate Confidence,3921.8117613112627,778.5168735836503,19740.012204055423,19740.012204055423,0.3550905019221132
ga2o3,au,2.0,50.0,uv,0.5,8.27456396170661,6.658674334939171,9.890453588474049,9.890453588474049,2,Moderate Confidence,3921.8117613112627,778.5168735836503,19740.012204055423,19740.012204055423,0.3550905019221132
zns,wc,5.0,30.0,uv,0.5,8.270452878916437,6.654563252148998,9.886342505683876,9.886342505683876,2,Moderate Confidence,3905.7178617339496,775.3187934702975,19659.021861592402,19659.021861592402,0.32911777231512424
zns,pd,5.0,30.0,visible,0.5,8.256790098961172,6.640900472193733,9.872679725728611,9.872679725728611,2,Moderate Confidence,3852.704216800188,764.7842500686467,19392.23796389423,19392.23796389423,0.2976871480226607
v2o5,wc,5.0,50.0,visible,0.5,8.23954052600677,6.6236508992393315,9.85543015277421,9.85543015277421,2,Moderate Confidence,3786.799512908404,751.6880752180319,19060.581579903606,19060.581579903606,0.3530779934280367
cu2o,wc,5.0,50.0,visible,0.5,8.23954052600677,6.6236508992393315,9.85543015277421,9.85543015277421,2,Moderate Confidence,3786.799512908404,751.6880752180319,19060.581579903606,19060.581579903606,0.3530779934280367
ga2o3,wc,5.0,50.0,visible,0.5,8.23954052600677,6.6236508992393315,9.85543015277421,9.85543015277421,2,Moderate Confidence,3786.799512908404,751.6880752180319,19060.581579903606,19060.581579903606,0.3530779934280367
zns,ir,5.0,30.0,visible,0.5,8.208168823932459,6.59227919716502,9.824058450699898,9.824058450699898,2,Moderate Confidence,3669.8144005311315,728.4415177473057,18471.87004551161,18471.87004551161,0.2991596473077955
zns,pt,5.0,30.0,visible,0.5,8.1956836531527,6.579794026385262,9.81157327992014,9.81157327992014,2,Moderate Confidence,3624.268571205272,719.3909324423914,18242.666905704293,18242.666905704293,0.30275603970232456
zns,rh,2.0,50.0,visible,0.5,8.180521516606722,6.5646318898392835,9.796411143374161,9.796411143374161,2,Moderate Confidence,3569.716363207755,708.5506553114044,17968.140400390366,17968.140400390366,0.35185905318309246
cu2o,rh,5.0,50.0,visible,0.5,8.179537614906357,6.563647988138918,9.795427241673796,9.795427241673796,2,Moderate Confidence,3566.2048570781767,707.8528705472476,17950.469227370468,17950.469227370468,0.3642969794707193
ga2o3,rh,5.0,50.0,visible,0.5,8.179537614906357,6.563647988138918,9.795427241673796,9.795427241673796,2,Moderate Confidence,3566.2048570781767,707.8528705472476,17950.469227370468,17950.469227370468,0.3642969794707193
v2o5,rh,5.0,50.0,visible,0.5,8.179537614906357,6.563647988138918,9.795427241673796,9.795427241673796,2,Moderate Confidence,3566.2048570781767,707.8528705472476,17950.469227370468,17950.469227370468,0.3642969794707193
ga2o3,ir,2.0,50.0,uv,0.5,8.157308231412596,6.541418604645157,9.773197858180035,9.773197858180035,2,Moderate Confidence,3487.782956849066,692.26935591369,17555.821769453545,17555.821769453545,0.3079591174252338
v2o5,ir,2.0,50.0,uv,0.5,8.157308231412596,6.541418604645157,9.773197858180035,9.773197858180035,2,Moderate Confidence,3487.782956849066,692.26935591369,17555.821769453545,17555.821769453545,0.3079591174252338
cu2o,ir,2.0,50.0,uv,0.5,8.157308231412596,6.541418604645157,9.773197858180035,9.773197858180035,2,Moderate Confidence,3487.782956849066,692.26935591369,17555.821769453545,17555.821769453545,0.3079591174252338
v2o5,pt,2.0,50.0,uv,0.5,8.132828010220118,6.516938383452679,9.748717636987557,9.748717636987557,2,Moderate Confidence,3403.4136810082664,675.5040156089203,17131.244959409567,17131.244959409567,0.3080607856814103
cu2o,pt,2.0,50.0,uv,0.5,8.132828010220118,6.516938383452679,9.748717636987557,9.748717636987557,2,Moderate Confidence,3403.4136810082664,675.5040156089203,17131.244959409567,17131.244959409567,0.3080607856814103
ga2o3,pt,2.0,50.0,uv,0.5,8.132828010220118,6.516938383452679,9.748717636987557,9.748717636987557,2,Moderate Confidence,3403.4136810082664,675.5040156089203,17131.244959409567,17131.244959409567,0.3080607856814103
ga2o3,ru,5.0,50.0,visible,0.5,8.116595049748707,6.500705422981268,9.732484676516146,9.732484676516146,2,Moderate Confidence,3348.5960978648955,664.6110047714467,16855.382990068374,16855.382990068374,0.35286383781120667
v2o5,ru,5.0,50.0,visible,0.5,8.116595049748707,6.500705422981268,9.732484676516146,9.732484676516146,2,Moderate Confidence,3348.5960978648955,664.6110047714467,16855.382990068374,16855.382990068374,0.35286383781120667
cu2o,ru,5.0,50.0,visible,0.5,8.116595049748707,6.500705422981268,9.732484676516146,9.732484676516146,2,Moderate Confidence,3348.5960978648955,664.6110047714467,16855.382990068374,16855.382990068374,0.35286383781120667
zns,cos2,5.0,30.0,uv,0.5,8.113135069739917,6.497245442972478,9.729024696507356,9.729024696507356,2,Moderate Confidence,3337.0265890054366,662.3119835785437,16797.161023406086,16797.161023406086,0.3256457976247432
v2o5,ni2p,5.0,50.0,visible,0.5,8.110952859994768,6.495063233227329,9.726842486762207,9.726842486762207,2,Moderate Confidence,3329.750256982183,660.8660759145912,16760.543880394413,16760.543880394413,0.34942531796654613
cu2o,ni2p,5.0,50.0,visible,0.5,8.110952859994768,6.495063233227329,9.726842486762207,9.726842486762207,2,Moderate Confidence,3329.750256982183,660.8660759145912,16760.543880394413,16760.543880394413,0.34942531796654613
ga2o3,ni2p,5.0,50.0,visible,0.5,8.110952859994768,6.495063233227329,9.726842486762207,9.726842486762207,2,Moderate Confidence,3329.750256982183,660.8660759145912,16760.543880394413,16760.543880394413,0.34942531796654613
zns,fes2,5.0,30.0,uv,0.5,8.110729270998165,6.494839644230726,9.726618897765604,9.726618897765604,2,Moderate Confidence,3329.0056211235847,660.7181064855765,16756.79660255734,16756.79660255734,0.33059238663274293
zns,ni2p,5.0,30.0,uv,0.5,8.110659578466455,6.494769951699016,9.726549205233894,9.726549205233894,2,Moderate Confidence,3328.7735526880524,660.6719912824185,16755.628749982,16755.628749982,0.32604764866779823
v2o5,mos2,5.0,50.0,visible,0.5,8.109923096184879,6.49403346941744,9.725812722952318,9.725812722952318,2,Moderate Confidence,3326.322136288013,660.1848609880575,16743.292333142508,16743.292333142508,0.3508641098373538
cu2o,mos2,5.0,50.0,visible,0.5,8.109923096184879,6.49403346941744,9.725812722952318,9.725812722952318,2,Moderate Confidence,3326.322136288013,660.1848609880575,16743.292333142508,16743.292333142508,0.3508641098373538
ga2o3,mos2,5.0,50.0,visible,0.5,8.109923096184879,6.49403346941744,9.725812722952318,9.725812722952318,2,Moderate Confidence,3326.322136288013,660.1848609880575,16743.292333142508,16743.292333142508,0.3508641098373538
zns,ru,2.0,50.0,visible,0.5,8.094949125338408,6.479059498570969,9.710838752105847,9.710838752105847,2,Moderate Confidence,3276.8700824361176,650.3580549222894,16494.43165411784,16494.43165411784,0.34746020916332143
zns,mos2,5.0,30.0,uv,0.5,8.08677630740779,6.470886680640351,9.70266593417523,9.70266593417523,2,Moderate Confidence,3250.1898220162548,645.0563187049144,16360.166902556111,16360.166902556111,0.3274643813171227
v2o5,cos2,5.0,50.0,visible,0.5,8.084946701699751,6.469057074932312,9.70083632846719,9.70083632846719,2,Moderate Confidence,3244.2468648519666,643.8753710402221,16330.259785659639,16330.259785659639,0.3490812588914611
cu2o,cos2,5.0,50.0,visible,0.5,8.084946701699751,6.469057074932312,9.70083632846719,9.70083632846719,2,Moderate Confidence,3244.2468648519666,643.8753710402221,16330.259785659639,16330.259785659639,0.3490812588914611
ga2o3,cos2,5.0,50.0,visible,0.5,8.084946701699751,6.469057074932312,9.70083632846719,9.70083632846719,2,Moderate Confidence,3244.2468648519666,643.8753710402221,16330.259785659639,16330.259785659639,0.3490812588914611
cu2o,fes2,5.0,50.0,visible,0.5,8.082777045104196,6.466887418336757,9.698666671871635,9.698666671871635,2,Moderate Confidence,3237.2134264195843,642.477729687296,16294.864971332958,16294.864971332958,0.3532465025883404
ga2o3,fes2,5.0,50.0,visible,0.5,8.082777045104196,6.466887418336757,9.698666671871635,9.698666671871635,2,Moderate Confidence,3237.2134264195843,642.477729687296,16294.864971332958,16294.864971332958,0.3532465025883404
v2o5,fes2,5.0,50.0,visible,0.5,8.082777045104196,6.466887418336757,9.698666671871635,9.698666671871635,2,Moderate Confidence,3237.2134264195843,642.477729687296,16294.864971332958,16294.864971332958,0.3532465025883404
moo3,au,3.0,10.0,uv,0.5,8.058062215959982,6.442172589192543,9.673951842727421,9.673951842727421,2,Moderate Confidence,3158.1624246593046,626.7692038911894,15897.05164623707,15897.05164623707,0.6073040699188597
fe2o3,au,3.0,10.0,visible,0.5,8.004855258337663,6.388965631570224,9.620744885105102,9.620744885105102,3,Moderate Confidence,2994.466500952703,594.2405631022914,15073.274359873994,15073.274359873994,0.5708209904452595
in2o3,au,3.0,10.0,visible,0.5,8.001299520780554,6.385409894013115,9.617189147547993,9.617189147547993,2,Moderate Confidence,2983.8343220352713,592.1278023140123,15019.769377597058,15019.769377597058,0.5060587527327062
wo3,au,3.0,10.0,visible,0.5,8.001104393942413,6.385214767174974,9.616994020709852,9.616994020709852,3,Moderate Confidence,2983.2519575709525,592.0120784521158,15016.838708297371,15016.838708297371,0.45264740804532116
moo3,pt,2.0,30.0,visible,0.5,7.998657238405299,6.38276761163786,9.614546865172738,9.614546865172738,2,Moderate Confidence,2975.957957285485,590.562659860451,14980.13265217918,14980.13265217918,0.33669873183166654
wo3,pd,2.0,20.0,visible,0.5,7.998423225017949,6.38253359825051,9.614312851785389,9.614312851785389,2,Moderate Confidence,2975.261390776026,590.4242424749798,14976.627276749306,14976.627276749306,0.3649774827097873
