composition,host_material,co_catalyst,co_catalyst_wt_pct,pred_her_umol_g_h,ucb_her_umol_g_h,pred_median_log,pred_p05_log,pred_p95_log,confidence,novelty_score
srtio3/wc (3.0 wt%),srtio3,wc,3.0,5643.117971783463,37596.04873119462,8.638369214912915,6.742057594720072,10.534680835105759,MEDIUM,0.9559176324037091
srtio3/pd (3.0 wt%),srtio3,pd,3.0,5272.046498561507,35124.237842189825,8.570363557728173,6.674051937535331,10.466675177921017,MEDIUM,0.9557380997348995
fe2o3/rh (3.0 wt%),fe2o3,rh,3.0,5210.827536398144,34716.441209441226,8.558685847980863,6.66237422778802,10.454997468173707,MEDIUM,0.09026564772279363
g-c3n4/rh (3.0 wt%),g-c3n4,rh,3.0,5029.527109967787,33508.74835086431,8.52328005083751,6.626968430644667,10.419591671030354,MEDIUM,0.10372969458359663
g-c3n4/wc (3.0 wt%),g-c3n4,wc,3.0,4945.200175862553,32947.02305264116,8.50637491953544,6.610063299342598,10.402686539728284,MEDIUM,0.10586437061593895
bivo4/rh (3.0 wt%),bivo4,rh,3.0,4886.224914875623,32554.1723410959,8.494379919308244,6.598068299115401,10.390691539501088,MEDIUM,0.005460530936042631
in2o3/rh (3.0 wt%),in2o3,rh,3.0,4868.988777378212,32439.357607479873,8.490846911634188,6.594535291441345,10.387158531827032,MEDIUM,0.09401123348897848
fe2o3/wc (5.0 wt%),fe2o3,wc,5.0,4828.164008044662,32167.412398370747,8.482428648445422,6.58611702825258,10.378740268638266,MEDIUM,0.09337895171181503
in2o3/wc (3.0 wt%),in2o3,wc,3.0,4794.158012243399,31940.888947286872,8.475361940318566,6.579050320125723,10.37167356051141,MEDIUM,0.09624334327418849
bivo4/ru (5.0 wt%),bivo4,ru,5.0,4742.919256206207,31599.573259470486,8.464618920340095,6.568307300147253,10.360930540532939,MEDIUM,0.015238448064159443
srtio3/rh (5.0 wt%),srtio3,rh,5.0,4740.892289007871,31586.071063925785,8.46419155211345,6.567879931920607,10.360503172306293,MEDIUM,0.9547726046496555
g-c3n4/pd (3.0 wt%),g-c3n4,pd,3.0,4584.884864272595,30546.861965263568,8.430738357187426,6.534426736994583,10.32704997738027,MEDIUM,0.10471476950025159
in2o3/ru (3.0 wt%),in2o3,ru,3.0,4541.46721853512,30257.644881080294,8.421225583631214,6.5249139634383715,10.317537203824058,MEDIUM,0.09391564510397872
in2o3/pd (3.0 wt%),in2o3,pd,3.0,4473.700610330454,29806.2325463708,8.406194725751417,6.509883105558575,10.302506345944261,MEDIUM,0.09503943648329605
srtio3/ru (3.0 wt%),srtio3,ru,3.0,4419.391240807053,29444.46264313,8.393983487174127,6.4976718669812845,10.29029510736697,MEDIUM,0.954574700122686
bivo4/wc (5.0 wt%),bivo4,wc,5.0,4410.479686816851,29385.10028902697,8.391965442053769,6.495653821860926,10.288277062246612,MEDIUM,0.01059517273613274
zns/rh (3.0 wt%),zns,rh,3.0,4403.91878354804,29341.39627696497,8.390477100867288,6.494165480674446,10.286788721060132,MEDIUM,0.09430182002990734
zns/wc (3.0 wt%),zns,wc,3.0,4336.234142371707,28890.52994756118,8.374992129551666,6.478680509358823,10.27130374974451,MEDIUM,0.09652759871158628
wo3/rh (3.0 wt%),wo3,rh,3.0,4295.933050881259,28622.07310306189,8.365656803221052,6.469345183028209,10.261968423413895,MEDIUM,0.11630017810140748
zns/pd (3.0 wt%),zns,pd,3.0,4235.778098811801,28221.36413920169,8.351558377013358,6.455246756820515,10.247869997206202,MEDIUM,0.09532650904415965
zns/ru (3.0 wt%),zns,ru,3.0,4123.433726640015,27473.006848242476,8.324684010954941,6.428372390762099,10.220995631147785,MEDIUM,0.09420645640629387
wo3/wc (5.0 wt%),wo3,wc,5.0,4090.1698965265073,27251.42717042285,8.31658624640624,6.420274626213398,10.212897866599084,MEDIUM,0.11621052635682626
g-c3n4/ru (3.0 wt%),g-c3n4,ru,3.0,4066.297765034689,27092.408224415278,8.310734118136091,6.4144224979432485,10.207045738328935,MEDIUM,0.09261363334650397
srtio3/ir (3.0 wt%),srtio3,ir,3.0,3998.6149938287904,26641.554351407667,8.293953383926748,6.397641763733906,10.190265004119592,MEDIUM,0.9547425399763192
g-c3n4/ir (3.0 wt%),g-c3n4,ir,3.0,3991.3646904897296,26593.258052620615,8.292138988591809,6.395827368398966,10.188450608784652,MEDIUM,0.1042608931783137
srtio3/pt (3.0 wt%),srtio3,pt,3.0,3969.511452405921,26447.687520381765,8.286650194704842,6.390338574512,10.182961814897686,MEDIUM,0.9550276201929236
g-c3n4/pt (3.0 wt%),g-c3n4,pt,3.0,3956.6959774546617,26362.320056649674,8.283417311048249,6.387105690855406,10.179728931241092,MEDIUM,0.10596819372839134
fe2o3/pt (5.0 wt%),fe2o3,pt,5.0,3909.5591822873726,26048.328677696103,8.271435656126704,6.375124035933861,10.167747276319547,MEDIUM,0.09349014534875649
in2o3/ir (3.0 wt%),in2o3,ir,3.0,3894.5702652665273,25948.483308326107,8.2675953571558,6.371283736962957,10.163906977348644,MEDIUM,0.09456537185361845
in2o3/pt (3.0 wt%),in2o3,pt,3.0,3866.223814231654,25759.659668167893,8.260292167933892,6.36398054774105,10.156603788126736,MEDIUM,0.09634945472356238
nb2o5/rh (3.0 wt%),nb2o5,rh,3.0,3834.31740220005,25547.122131924523,8.252007474965879,6.355695854773036,10.148319095158723,MEDIUM,0.11739486413620126
fe2o3/pd (5.0 wt%),fe2o3,pd,5.0,3793.992852400492,25278.50902506588,8.241437806402526,6.345126186209684,10.13774942659537,MEDIUM,0.08026914318934257
nb2o5/wc (3.0 wt%),nb2o5,wc,3.0,3775.385082463576,25154.557464061207,8.236522503650257,6.340210883457414,10.1328341238431,MEDIUM,0.11653472332434082
srtio3/au (3.0 wt%),srtio3,au,3.0,3769.0091377028034,25112.08551236271,8.234832704232966,6.338521084040123,10.13114432442581,MEDIUM,0.9568755202396556
bivo4/pd (2.0 wt%),bivo4,pd,2.0,3742.590708788479,24936.10496690654,8.227800512387853,6.3314888921950105,10.124112132580697,MEDIUM,0.015741253416436708
zns/ir (3.0 wt%),zns,ir,3.0,3687.4404610580036,24568.733738695846,8.212959008417746,6.3166473882249035,10.10927062861059,MEDIUM,0.09485374390443524
fe2o3/ru (3.0 wt%),fe2o3,ru,3.0,3669.49026917149,24449.162489039933,8.208080520456596,6.311768900263753,10.10439214064944,MEDIUM,0.07731015444226037
zns/pt (3.0 wt%),zns,pt,3.0,3660.6012078024223,24389.949964578504,8.20565581919584,6.3093441990029975,10.101967439388684,MEDIUM,0.09663339791968795
nb2o5/ru (3.0 wt%),nb2o5,ru,3.0,3576.3806406079925,23828.933206103968,8.182386146962905,6.286074526770062,10.078697767155749,MEDIUM,0.11737315629985663
nb2o5/pd (3.0 wt%),nb2o5,pd,3.0,3570.9830858887985,23792.97858417343,8.180876206791673,6.28456458659883,10.077187826984517,MEDIUM,0.11660360991535114
bivo4/pt (5.0 wt%),bivo4,pt,5.0,3557.120361398066,23700.63509829471,8.176987696039804,6.280676075846961,10.073299316232648,MEDIUM,0.010833377653875225
moo3/rh (3.0 wt%),moo3,rh,3.0,3464.3638613893413,23082.758103448497,8.150572916612761,6.2542612964199185,10.046884536805605,MEDIUM,0.09215995406844113
moo3/wc (3.0 wt%),moo3,wc,3.0,3411.116135147578,22728.060103097472,8.135087945297139,6.238776325104296,10.031399565489982,MEDIUM,0.09444828237398518
v2o5/rh (3.0 wt%),v2o5,rh,3.0,3395.7664682239483,22625.811677706577,8.130579219322296,6.234267599129454,10.02689083951514,MEDIUM,0.08953460441064855
ta2o5/rh (3.0 wt%),ta2o5,rh,3.0,3395.7664682239483,22625.811677706577,8.130579219322296,6.234267599129454,10.02689083951514,MEDIUM,0.08953460441064855
cu2o/rh (3.0 wt%),cu2o,rh,3.0,3395.7664682239483,22625.811677706577,8.130579219322296,6.234267599129454,10.02689083951514,MEDIUM,0.08953460441064855
ga2o3/rh (3.0 wt%),ga2o3,rh,3.0,3395.7664682239483,22625.811677706577,8.130579219322296,6.234267599129454,10.02689083951514,MEDIUM,0.08953460441064855
nife2o4/rh (3.0 wt%),nife2o4,rh,3.0,3395.7664682239483,22625.811677706577,8.130579219322296,6.234267599129454,10.02689083951514,MEDIUM,0.08953460441064855
fe2o3/ir (3.0 wt%),fe2o3,ir,3.0,3344.4602497623378,22284.046603808776,8.115359556449201,6.219047936256358,10.011671176642045,MEDIUM,0.09068291373979491
ga2o3/wc (3.0 wt%),ga2o3,wc,3.0,3343.572788644605,22278.134977039594,8.115094248006674,6.218782627813831,10.011405868199517,MEDIUM,0.09196093424767968
nife2o4/wc (3.0 wt%),nife2o4,wc,3.0,3343.572788644605,22278.134977039594,8.115094248006674,6.218782627813831,10.011405868199517,MEDIUM,0.09196093424767968
ta2o5/wc (3.0 wt%),ta2o5,wc,3.0,3343.572788644605,22278.134977039594,8.115094248006674,6.218782627813831,10.011405868199517,MEDIUM,0.09196093424767968
cu2o/wc (3.0 wt%),cu2o,wc,3.0,3343.572788644605,22278.134977039594,8.115094248006674,6.218782627813831,10.011405868199517,MEDIUM,0.09196093424767968
v2o5/wc (3.0 wt%),v2o5,wc,3.0,3343.572788644605,22278.134977039594,8.115094248006674,6.218782627813831,10.011405868199517,MEDIUM,0.09196093424767968
wo3/pt (5.0 wt%),wo3,pt,5.0,3338.2853917190387,22242.91414698864,8.113512108504063,6.21720048831122,10.009823728696906,MEDIUM,0.11604931808246936
bivo4/ir (3.0 wt%),bivo4,ir,3.0,3251.798935950695,21666.803670849313,8.087271115756067,6.190959495563225,9.98358273594891,MEDIUM,0.015564601735358743
wo3/pd (5.0 wt%),wo3,pd,5.0,3249.675175451589,21652.656708050617,8.086618000040307,6.190306379847464,9.98292962023315,MEDIUM,0.11023172755997517
moo3/ru (3.0 wt%),moo3,ru,3.0,3231.307600743951,21530.305154661888,8.080951588609786,6.184639968416943,9.97726320880263,MEDIUM,0.09206240591316699
srtio3/mos2 (5.0 wt%),srtio3,mos2,5.0,3219.6848030378783,21452.882447707034,8.077349287677917,6.181037667485074,9.97366090787076,MEDIUM,0.9551902811176192
moo3/pd (3.0 wt%),moo3,pd,3.0,3212.036746532369,21401.93660380829,8.074971795879705,6.178660175686862,9.971283416072549,MEDIUM,0.0932209353957767
fe2o3/au (5.0 wt%),fe2o3,au,5.0,3199.726255401733,21319.932978572724,8.071133017850512,6.174821397657669,9.967444638043355,MEDIUM,0.09912227966735383
nife2o4/ru (3.0 wt%),nife2o4,ru,3.0,3179.475934173351,21185.039923917942,8.064786129409946,6.168474509217103,9.96109774960279,MEDIUM,0.08943234028491276
v2o5/ru (3.0 wt%),v2o5,ru,3.0,3179.475934173351,21185.039923917942,8.064786129409946,6.168474509217103,9.96109774960279,MEDIUM,0.08943234028491276
ga2o3/ru (3.0 wt%),ga2o3,ru,3.0,3179.475934173351,21185.039923917942,8.064786129409946,6.168474509217103,9.96109774960279,MEDIUM,0.08943234028491276
ta2o5/ru (3.0 wt%),ta2o5,ru,3.0,3179.475934173351,21185.039923917942,8.064786129409946,6.168474509217103,9.96109774960279,MEDIUM,0.08943234028491276
cu2o/ru (3.0 wt%),cu2o,ru,3.0,3179.475934173351,21185.039923917942,8.064786129409946,6.168474509217103,9.96109774960279,MEDIUM,0.08943234028491276
nife2o4/pd (3.0 wt%),nife2o4,pd,3.0,3123.684480465199,20813.39744331494,8.04708859082193,6.150776970629088,9.943400211014774,MEDIUM,0.09067977907228111
v2o5/pd (3.0 wt%),v2o5,pd,3.0,3123.684480465199,20813.39744331494,8.04708859082193,6.150776970629088,9.943400211014774,MEDIUM,0.09067977907228111
cu2o/pd (3.0 wt%),cu2o,pd,3.0,3123.684480465199,20813.39744331494,8.04708859082193,6.150776970629088,9.943400211014774,MEDIUM,0.09067977907228111
ta2o5/pd (3.0 wt%),ta2o5,pd,3.0,3123.684480465199,20813.39744331494,8.04708859082193,6.150776970629088,9.943400211014774,MEDIUM,0.09067977907228111
ga2o3/pd (3.0 wt%),ga2o3,pd,3.0,3123.684480465199,20813.39744331494,8.04708859082193,6.150776970629088,9.943400211014774,MEDIUM,0.09067977907228111
nb2o5/ir (3.0 wt%),nb2o5,ir,3.0,3108.6853866153388,20713.484283239948,8.042276838196054,6.145965218003211,9.938588458388898,MEDIUM,0.11684428053619103
nb2o5/pt (3.0 wt%),nb2o5,pt,3.0,3086.057494280423,20562.753562327813,8.034973648974146,6.138662028781304,9.93128526916699,MEDIUM,0.11637109550657239
bivo4/mos2 (3.0 wt%),bivo4,mos2,3.0,3042.4249275698057,20272.104829419095,8.02073878115031,6.124427160957468,9.917050401343154,MEDIUM,0.009448991479142037
zns/mos2 (3.0 wt%),zns,mos2,3.0,3019.2538120463737,20117.755546883578,8.013096150561404,6.1167845303685615,9.909407770754248,MEDIUM,0.09672167476643649
wo3/ru (3.0 wt%),wo3,ru,3.0,2970.990094055263,19796.25741974802,7.996987072741672,6.100675452548829,9.893298692934515,MEDIUM,0.11073657362519922
g-c3n4/mos2 (3.0 wt%),g-c3n4,mos2,3.0,2958.6481722275,19714.044425846285,7.992825679519656,6.096514059326814,9.8891372997125,MEDIUM,0.10604809942154471
in2o3/au (3.0 wt%),in2o3,au,3.0,2917.733492146292,19441.50029609479,7.9789050656055105,6.082593445412668,9.875216685798353,MEDIUM,0.10185394907831156
in2o3/mos2 (3.0 wt%),in2o3,mos2,3.0,2833.913746735769,18883.153523651286,7.9497667912671925,6.05345517107435,9.846078411460036,MEDIUM,0.09643750743993793
fe2o3/mos2 (3.0 wt%),fe2o3,mos2,3.0,2833.7897860409794,18882.32778678573,7.949723063868011,6.053411443675168,9.846034684060854,MEDIUM,0.09261630883194233
bi2wo6/wc (3.0 wt%),bi2wo6,wc,3.0,2825.1225935705074,18824.59319312487,7.94666094290176,6.050349322708917,9.842972563094603,MEDIUM,0.1072905850159387
g-c3n4/cu (3.0 wt%),g-c3n4,cu,3.0,2812.288327210403,18739.100554561628,7.942109301356872,6.0457976811640295,9.838420921549716,MEDIUM,0.10486568647799628
moo3/ir (3.0 wt%),moo3,ir,3.0,2796.1950530285744,18631.898753202488,7.936372427284095,6.040060807091252,9.832684047476938,MEDIUM,0.09273535679839824
moo3/pt (3.0 wt%),moo3,pt,3.0,2775.8410233984046,18496.31486787135,7.929069238062189,6.032757617869346,9.825380858255032,MEDIUM,0.09455753454432961
wo3/au (5.0 wt%),wo3,au,5.0,2732.1483630182697,18205.265834219,7.913209470227891,6.016897850035048,9.809521090420734,MEDIUM,0.11751050813993147
v2o5/ir (3.0 wt%),v2o5,ir,3.0,2719.2776253540433,18119.53025009629,7.908489222226313,6.0121776020334705,9.804800842419157,MEDIUM,0.09016602337893244
cu2o/ir (3.0 wt%),cu2o,ir,3.0,2719.2776253540433,18119.53025009629,7.908489222226313,6.0121776020334705,9.804800842419157,MEDIUM,0.09016602337893244
ga2o3/ir (3.0 wt%),ga2o3,ir,3.0,2719.2776253540433,18119.53025009629,7.908489222226313,6.0121776020334705,9.804800842419157,MEDIUM,0.09016602337893244
nife2o4/ir (3.0 wt%),nife2o4,ir,3.0,2719.2776253540433,18119.53025009629,7.908489222226313,6.0121776020334705,9.804800842419157,MEDIUM,0.09016602337893244
ta2o5/ir (3.0 wt%),ta2o5,ir,3.0,2719.2776253540433,18119.53025009629,7.908489222226313,6.0121776020334705,9.804800842419157,MEDIUM,0.09016602337893244
g-c3n4/au (3.0 wt%),g-c3n4,au,3.0,2715.4579160105477,18094.086097609674,7.907084073882085,6.010772453689242,9.803395694074927,MEDIUM,0.11162142382118082
cu2o/pt (3.0 wt%),cu2o,pt,3.0,2699.483291981111,17987.674658107557,7.901186033004405,6.004874412811562,9.797497653197247,MEDIUM,0.09207868685197007
nife2o4/pt (3.0 wt%),nife2o4,pt,3.0,2699.483291981111,17987.674658107557,7.901186033004405,6.004874412811562,9.797497653197247,MEDIUM,0.09207868685197007
ga2o3/pt (3.0 wt%),ga2o3,pt,3.0,2699.483291981111,17987.674658107557,7.901186033004405,6.004874412811562,9.797497653197247,MEDIUM,0.09207868685197007
ta2o5/pt (3.0 wt%),ta2o5,pt,3.0,2699.483291981111,17987.674658107557,7.901186033004405,6.004874412811562,9.797497653197247,MEDIUM,0.09207868685197007
v2o5/pt (3.0 wt%),v2o5,pt,3.0,2699.483291981111,17987.674658107557,7.901186033004405,6.004874412811562,9.797497653197247,MEDIUM,0.09207868685197007
bivo4/au (5.0 wt%),bivo4,au,5.0,2693.147260239355,17945.468578194257,7.898837017777551,6.002525397584709,9.795148637970394,MEDIUM,0.04981267451624343
wo3/ir (3.0 wt%),wo3,ir,3.0,2674.529196064432,17821.448444390444,7.891902470068733,5.9955908498758905,9.788214090261576,MEDIUM,0.11577889296298406
bi2wo6/pd (3.0 wt%),bi2wo6,pd,3.0,2642.736473528451,17609.66822568165,7.8799485263856415,5.983636906192799,9.776260146578485,MEDIUM,0.10602377466209344
zns/au (3.0 wt%),zns,au,3.0,2636.8679181995435,17570.576136929132,7.877726263107752,5.981414642914909,9.774037883300595,MEDIUM,0.10212770303874641
