host_material,co_catalyst,co_catalyst_wt_pct,glycerol_concentration_v_pct,light_type,catalyst_loading_g_L,pred_median_log,pred_p05_log,pred_p95_log,ucb_log,novelty_score,pred_her_umol_g_h,ucb_her_umol_g_h
zns,rh,0.5,5.0,uv,2.0,7.331930937802382,6.831930937802382,7.831930937802382,7.831930937802382,0.21202869849392045,1527.330034857214,2518.790237118957
zns,cu,0.5,5.0,uv,2.0,7.322690851671811,6.822690851671811,7.822690851671811,7.822690851671811,0.2130479354859351,1513.2731770013058,2495.614396572713
zns,au,0.5,5.0,uv,2.0,7.284177888389598,6.784177888389598,7.784177888389598,7.784177888389598,0.212041901946911,1456.0627721094013,2401.290385122063
zns,ir,0.5,5.0,uv,2.0,7.2745502732875655,6.7745502732875655,7.7745502732875655,7.7745502732875655,0.21186882391577508,1442.1020446512377,2378.2730368073417
zns,ni,2.0,30.0,uv,2.0,7.2674659992980235,6.7674659992980235,7.7674659992980235,7.7674659992980235,0.32971424122801757,1431.9148414467463,2361.477178195152
zns,pd,0.5,5.0,uv,2.0,7.2559720535616625,6.7559720535616625,7.7559720535616625,7.7559720535616625,0.21182241871413837,1415.5392861681153,2334.4784518877477
moo3,pd,2.0,30.0,uv,2.0,7.240658729745409,6.740658729745409,7.740658729745409,7.740658729745409,0.3253501985603721,1394.0126045654142,2298.9869540417853
zns,pt,0.5,5.0,uv,2.0,7.234684064042234,6.734684064042234,7.734684064042234,7.734684064042234,0.21178021365862115,1385.702719712993,2285.2862701285294
zns,ru,0.5,5.0,uv,2.0,7.22893386049387,6.72893386049387,7.72893386049387,7.72893386049387,0.2120468223818377,1377.7517784868378,2272.1773842068806
zns,co,0.5,5.0,uv,2.0,7.207823393666893,6.707823393666893,7.707823393666893,7.707823393666893,0.21377494295589516,1348.9507559146268,2224.6925256741624
zns,ni2p,2.0,30.0,uv,2.0,7.202477735396547,6.702477735396547,7.702477735396547,7.702477735396547,0.32971727838781373,1341.7536343068098,2212.8264781915386
zns,wc,0.5,5.0,uv,2.0,7.197780421182561,6.697780421182561,7.697780421182561,7.697780421182561,0.21182774475552327,1335.4610891756292,2202.451825186921
zns,cos2,0.5,5.0,uv,2.0,7.187501264641987,6.687501264641987,7.687501264641987,7.687501264641987,0.21377529070297624,1321.7937610739498,2179.918210632044
g-c3n4,ni,2.0,30.0,uv,2.0,7.186439252811789,6.686439252811789,7.686439252811789,7.686439252811789,0.33682928889912606,1320.3896841558944,2177.603279151547
moo3,au,2.0,30.0,uv,2.0,7.165730120264832,6.665730120264832,7.665730120264832,7.665730120264832,0.3267844323038108,1293.3062551294324,2132.950253632122
g-c3n4,pd,2.0,30.0,uv,2.0,7.15979482003617,6.65979482003617,7.65979482003617,7.65979482003617,0.33741760044755076,1285.6469116540763,2120.3221311247044
moo3,wc,2.0,30.0,uv,2.0,7.14626733813208,6.64626733813208,7.64626733813208,7.64626733813208,0.32561490899300577,1268.3590133347832,2091.8192054399847
moo3,ni,2.0,30.0,uv,2.0,7.145783226686074,6.645783226686074,7.645783226686074,7.645783226686074,0.32475235016893295,1267.7446508292967,2090.8062929092684
g-c3n4,cu,0.5,5.0,uv,2.0,7.1411316279231025,6.6411316279231025,7.6411316279231025,7.6411316279231025,0.2214590386333142,1261.8566646722425,2081.0986448905455
moo3,ru,2.0,30.0,uv,2.0,7.140045762692554,6.640045762692554,7.640045762692554,7.640045762692554,0.3249451690941343,1260.486116778729,2078.8389934259963
moo3,rh,2.0,30.0,uv,2.0,7.139928359100583,6.639928359100583,7.639928359100583,7.639928359100583,0.3249816812689936,1260.3380224709697,2078.594827190724
moo3,ir,2.0,30.0,uv,2.0,7.139061616956646,6.639061616956646,7.639061616956646,7.639061616956646,0.32520822782625597,1259.2452412973037,2076.7931356254803
moo3,pt,2.0,30.0,uv,2.0,7.128456291420972,6.628456291420972,7.628456291420972,7.628456291420972,0.3256793756468715,1245.9505521193623,2054.873898790461
moo3,mos2,2.0,30.0,uv,2.0,7.126291630390503,6.626291630390503,7.626291630390503,7.626291630390503,0.325619268730066,1243.2542461992962,2050.4284418677335
g-c3n4,ni2p,2.0,30.0,uv,2.0,7.121450988910313,6.621450988910313,7.621450988910313,7.621450988910313,0.3368322974934916,1237.2458115545983,2040.5222078654085
zns,fes2,0.5,5.0,uv,2.0,7.118234988438791,6.618234988438791,7.618234988438791,7.618234988438791,0.21359559369130982,1233.270008958987,2033.9672175579196
zns,rgo,2.0,30.0,uv,2.0,7.116256438480721,6.616256438480721,7.616256438480721,7.616256438480721,0.3344237889412513,1230.83035836567,2029.9449137316415
g-c3n4,rh,0.5,5.0,uv,2.0,7.114455345668909,6.614455345668909,7.614455345668909,7.614455345668909,0.2204531945746696,1228.6137143518663,2026.2902855965135
g-c3n4,co,2.0,30.0,uv,2.0,7.091580674148651,6.591580674148651,7.591580674148651,7.591580674148651,0.336774586856083,1200.8059636454327,1980.4430555164897
zns,mos2,2.0,30.0,uv,2.0,7.09033965236281,6.59033965236281,7.59033965236281,7.59033965236281,0.33057542620572933,1199.315421351228,1977.9855667311565
g-c3n4,cos2,2.0,30.0,uv,2.0,7.089278403748894,6.589278403748894,7.589278403748894,7.589278403748894,0.3367707705682393,1198.0422639618052,1975.8864850622663
ga2o3,au,0.5,5.0,uv,2.0,7.088815154029735,6.588815154029735,7.588815154029735,7.588815154029735,0.1955579452407385,1197.486936607317,1974.9709050407193
cu2o,au,0.5,5.0,uv,2.0,7.088815154029735,6.588815154029735,7.588815154029735,7.588815154029735,0.1955579452407385,1197.486936607317,1974.9709050407193
v2o5,au,0.5,5.0,uv,2.0,7.088815154029735,6.588815154029735,7.588815154029735,7.588815154029735,0.1955579452407385,1197.486936607317,1974.9709050407193
g-c3n4,au,2.0,30.0,uv,2.0,7.088031262205928,6.588031262205928,7.588031262205928,7.588031262205928,0.3388290161832926,1196.5478206275295,1973.4225645491895
g-c3n4,wc,2.0,30.0,uv,2.0,7.088029737748544,6.588029737748544,7.588029737748544,7.588029737748544,0.3376780930056081,1196.5459950183028,1973.4195546284254
g-c3n4,ru,2.0,30.0,uv,2.0,7.079251977662479,6.579251977662479,7.579251977662479,7.579251977662479,0.33701903035468966,1186.0802237945406,1956.1644149975277
bivo4,au,0.5,5.0,uv,2.0,7.0773191920004495,6.5773191920004495,7.5773191920004495,7.5773191920004495,0.15478501366659414,1183.7880679948037,1952.3852889747425
bivo4,cu,0.5,5.0,uv,2.0,7.075808639827569,6.575808639827569,7.575808639827569,7.575808639827569,0.15589113793080858,1181.9997348296124,1949.4368260461931
srtio3,cu,0.5,5.0,uv,2.0,7.073795282548341,6.573795282548341,7.573795282548341,7.573795282548341,0.521576611025835,1179.6203298021487,1945.513850365803
srtio3,au,0.5,5.0,uv,2.0,7.067604989732109,6.567604989732109,7.567604989732109,7.567604989732109,0.5209006408124336,1172.3345181754073,1933.50157776248
g-c3n4,ir,2.0,30.0,uv,2.0,7.060188343268228,6.560188343268228,7.560188343268228,7.560188343268228,0.3372778930693095,1163.664501835586,1919.207137405699
g-c3n4,pt,2.0,30.0,uv,2.0,7.056194979153898,6.556194979153898,7.556194979153898,7.556194979153898,0.33774153289591774,1159.0228464870263,1911.5543415012698
moo3,ni2p,2.0,30.0,uv,2.0,7.054842682649939,6.554842682649939,7.554842682649939,7.554842682649939,0.3247554075728703,1157.4552118395313,1908.9697489132582
cu2o,cu,0.5,5.0,uv,2.0,7.048356995330584,6.548356995330584,7.548356995330584,7.548356995330584,0.19659088952030765,1149.966145684503,1896.6223662457828
v2o5,cu,0.5,5.0,uv,2.0,7.048356995330584,6.548356995330584,7.548356995330584,7.548356995330584,0.19659088952030765,1149.966145684503,1896.6223662457828
ga2o3,cu,0.5,5.0,uv,2.0,7.048356995330584,6.548356995330584,7.548356995330584,7.548356995330584,0.19659088952030765,1149.966145684503,1896.6223662457828
srtio3,rh,0.5,5.0,uv,2.0,7.041537901076711,6.541537901076711,7.541537901076711,7.541537901076711,0.5208917731229079,1142.1442983209342,1883.7263201212972
srtio3,pt,0.5,5.0,uv,2.0,7.040756626143051,6.540756626143051,7.540756626143051,7.540756626143051,0.5207249049718219,1141.2515371264826,1882.2544057503492
bi2wo6,au,0.5,5.0,uv,2.0,7.0393263014286305,6.5393263014286305,7.5393263014286305,7.5393263014286305,0.18161504434901202,1139.618914391508,1879.5626659201678
g-c3n4,rgo,2.0,30.0,uv,2.0,7.034790176076937,6.534790176076937,7.534790176076937,7.534790176076937,0.34149481445753815,1134.456641228161,1871.0515163505934
g-c3n4,mos2,2.0,30.0,uv,2.0,7.033192160716739,6.533192160716739,7.533192160716739,7.533192160716739,0.33768238329945527,1132.6436130838717,1868.0623382847252
bivo4,pt,0.5,5.0,uv,2.0,7.030553608321073,6.530553608321073,7.530553608321073,7.530553608321073,0.15449722954870926,1129.6563777343154,1863.1372198233246
bivo4,rh,0.5,5.0,uv,2.0,7.02996721297593,6.52996721297593,7.52996721297593,7.52996721297593,0.15477049414942712,1128.9935604529335,1862.0444188729225
v2o5,pt,0.5,5.0,uv,2.0,7.029298657658624,6.529298657658624,7.529298657658624,7.529298657658624,0.19528924233801412,1128.2383497277735,1860.7992868864903
cu2o,pt,0.5,5.0,uv,2.0,7.029298657658624,6.529298657658624,7.529298657658624,7.529298657658624,0.19528924233801412,1128.2383497277735,1860.7992868864903
ga2o3,pt,0.5,5.0,uv,2.0,7.029298657658624,6.529298657658624,7.529298657658624,7.529298657658624,0.19528924233801412,1128.2383497277735,1860.7992868864903
cu2o,rh,0.5,5.0,uv,2.0,7.029070207188769,6.529070207188769,7.529070207188769,7.529070207188769,0.19554438801107385,1127.9804041612147,1860.3740065442219
ga2o3,rh,0.5,5.0,uv,2.0,7.029070207188769,6.529070207188769,7.529070207188769,7.529070207188769,0.19554438801107385,1127.9804041612147,1860.3740065442219
v2o5,rh,0.5,5.0,uv,2.0,7.029070207188769,6.529070207188769,7.529070207188769,7.529070207188769,0.19554438801107385,1127.9804041612147,1860.3740065442219
moo3,co,2.0,30.0,uv,2.0,7.014210985964379,6.514210985964379,7.514210985964379,7.514210985964379,0.3246967606044584,1111.3286569615898,1832.9199167418792
srtio3,wc,0.5,5.0,uv,2.0,7.014027208872039,6.514027208872039,7.514027208872039,7.514027208872039,0.5207568213397988,1111.1242552180418,1832.5829152395233
g-c3n4,fes2,2.0,30.0,uv,2.0,7.013966429156654,6.513966429156654,7.513966429156654,7.513966429156654,0.3367514920107936,1111.056662676485,1832.4714739785184
srtio3,ir,0.5,5.0,uv,2.0,7.0100101987319094,6.5100101987319094,7.5100101987319094,7.5100101987319094,0.5207844063986187,1106.6658016296533,1825.2321679739182
fe2o3,au,0.5,5.0,uv,2.0,7.007452037309641,6.507452037309641,7.507452037309641,7.507452037309641,0.20356715343234028,1103.8358350061997,1820.5663418064587
moo3,cos2,2.0,30.0,uv,2.0,7.0052762449352945,6.5052762449352945,7.5052762449352945,7.5052762449352945,0.32469288239380834,1101.434554912266,1816.6073002386815
bivo4,wc,0.5,5.0,uv,2.0,7.002456520771259,6.502456520771259,7.502456520771259,7.502456520771259,0.15454950235220447,1098.3303720849149,1811.4893679830857
bivo4,ir,0.5,5.0,uv,2.0,7.001321241156048,6.501321241156048,7.501321241156048,7.501321241156048,0.1545946789092881,1097.0830328964523,1809.4328533312896
ga2o3,ir,0.5,5.0,uv,2.0,6.999409060709635,6.499409060709635,7.499409060709635,7.499409060709635,0.1953802284907491,1094.985306247533,1805.9742867851014
v2o5,ir,0.5,5.0,uv,2.0,6.999409060709635,6.499409060709635,7.499409060709635,7.499409060709635,0.1953802284907491,1094.985306247533,1805.9742867851014
cu2o,ir,0.5,5.0,uv,2.0,6.999409060709635,6.499409060709635,7.499409060709635,7.499409060709635,0.1953802284907491,1094.985306247533,1805.9742867851014
moo3,cu,0.5,5.0,uv,2.0,6.998935241108537,6.498935241108537,7.498935241108537,7.498935241108537,0.20716320140208294,1094.4661299345876,1805.118309754705
moo3,rgo,2.0,30.0,uv,2.0,6.995260812436473,6.495260812436473,7.495260812436473,7.495260812436473,0.3294930914268103,1090.4483039055917,1798.4940345187267
moo3,fes2,2.0,30.0,uv,2.0,6.995132264504008,6.495132264504008,7.495132264504008,7.495132264504008,0.32467329101393566,1090.3080095002033,1798.2627281484029
bi2wo6,pt,0.5,5.0,uv,2.0,6.9878019308595105,6.4878019308595105,7.4878019308595105,7.4878019308595105,0.1813401077090482,1082.33760622925,1785.1217547395242
bi2wo6,rh,0.5,5.0,uv,2.0,6.987215535514368,6.487215535514368,7.487215535514368,7.487215535514368,0.18160117273517848,1081.702528321302,1784.0746882841383
wo3,au,0.5,5.0,uv,2.0,6.985211649104656,6.485211649104656,7.485211649104656,7.485211649104656,0.171344737532571,1079.5350878166144,1780.5011830210829
in2o3,au,0.5,5.0,uv,2.0,6.981935198148402,6.481935198148402,7.481935198148402,7.481935198148402,0.21115258534502415,1076.0005611085444,1774.6737336556303
fe2o3,pt,0.5,5.0,uv,2.0,6.970792596951019,6.470792596951019,7.470792596951019,7.470792596951019,0.20330190515896585,1064.0665846113538,1754.9979327606768
fe2o3,rh,0.5,5.0,uv,2.0,6.9656771849882935,6.4656771849882935,7.4656771849882935,7.4656771849882935,0.20355377043280876,1058.6322415652794,1746.0382157883328
srtio3,pd,0.5,5.0,uv,2.0,6.964694178712274,6.464694178712274,7.464694178712274,7.464694178712274,0.5207532449229216,1057.5911282158622,1744.3217100639388
cu2o,wc,0.5,5.0,uv,2.0,6.964350309489584,6.464350309489584,7.464350309489584,7.464350309489584,0.19533804796649165,1057.2271738873883,1743.7216508210204
v2o5,wc,0.5,5.0,uv,2.0,6.964350309489584,6.464350309489584,7.464350309489584,7.464350309489584,0.19533804796649165,1057.2271738873883,1743.7216508210204
ga2o3,wc,0.5,5.0,uv,2.0,6.964350309489584,6.464350309489584,7.464350309489584,7.464350309489584,0.19533804796649165,1057.2271738873883,1743.7216508210204
bi2wo6,wc,0.5,5.0,uv,2.0,6.959704843309696,6.459704843309696,7.459704843309696,7.459704843309696,0.1813900460162389,1052.3226161392017,1735.6354021382078
bi2wo6,ir,0.5,5.0,uv,2.0,6.956803759898127,6.456803759898127,7.456803759898127,7.456803759898127,0.181433205314243,1049.271267618862,1730.6045789284049
bivo4,pd,0.5,5.0,uv,2.0,6.954995495732898,6.454995495732898,7.454995495732898,7.454995495732898,0.15454364502542556,1047.373815785961,1727.4762097313717
v2o5,pd,0.5,5.0,uv,2.0,6.953083315286484,6.453083315286484,7.453083315286484,7.453083315286484,0.19533257911884513,1045.3710513086676,1724.1742093374553
ga2o3,pd,0.5,5.0,uv,2.0,6.953083315286484,6.453083315286484,7.453083315286484,7.453083315286484,0.19533257911884513,1045.3710513086676,1724.1742093374553
cu2o,pd,0.5,5.0,uv,2.0,6.953083315286484,6.453083315286484,7.453083315286484,7.453083315286484,0.19533257911884513,1045.3710513086676,1724.1742093374553
bi2wo6,cu,0.5,5.0,uv,2.0,6.950637788925071,6.450637788925071,7.450637788925071,7.450637788925071,0.18267189989553226,1042.8152497327048,1719.9604049154766
fe2o3,ir,0.5,5.0,uv,2.0,6.947982485002488,6.447982485002488,7.447982485002488,7.447982485002488,0.2033917211995798,1040.0472795330318,1715.3967935706114
wo3,pt,0.5,5.0,uv,2.0,6.938954840291581,6.438954840291581,7.438954840291581,7.438954840291581,0.1710650208836794,1030.691369025026,1699.9715049092956
srtio3,ru,0.5,5.0,uv,2.0,6.937655985644482,6.437655985644482,7.437655985644482,7.437655985644482,0.5209039454958799,1029.3522217630823,1697.7636243339293
in2o3,pt,0.5,5.0,uv,2.0,6.935678389335327,6.435678389335327,7.435678389335327,7.435678389335327,0.21089052797673297,1027.3166144803376,1694.407475308076
wo3,rh,0.5,5.0,uv,2.0,6.9334814834535665,6.4334814834535665,7.4334814834535665,7.4334814834535665,0.1713306248563127,1025.0599793767576,1690.6869130125951
fe2o3,wc,0.5,5.0,uv,2.0,6.9315340221542945,6.4315340221542945,7.4315340221542945,7.4315340221542945,0.2033500830886246,1023.0637117340993,1687.395624088134
in2o3,rh,0.5,5.0,uv,2.0,6.930205032497312,6.430205032497312,7.430205032497312,7.430205032497312,0.21113936327748647,1021.7036456102003,1685.153254140103
bivo4,ru,0.5,5.0,uv,2.0,6.927957302665105,6.427957302665105,7.427957302665105,7.427957302665105,0.1547904245333143,1019.4074656792671,1681.3674934466187
v2o5,ru,0.5,5.0,uv,2.0,6.926045122218692,6.426045122218692,7.426045122218692,7.426045122218692,0.19556299751112666,1017.4581268138221,1678.153576995357
